{"cameraMode":{"drawMode":0,"name":"Shaded","section":"Shading Mode"},"sceneLighting":true,"audioPlay":false,"sceneViewState":{"m_AlwaysRefresh":false,"showFog":true,"showSkybox":true,"showFlares":true,"showImageEffects":true,"showParticleSystems":true,"showVisualEffectGraphs":true,"m_FxEnabled":true},"in2DMode":false,"pivot":{"x":-17.827980041503908,"y":12.100714683532715,"z":3.132138729095459},"rotation":{"x":0.09869146347045899,"y":0.09601360559463501,"z":-0.00950702652335167,"w":0.9904720783233643},"size":23.996227264404298,"orthographic":false}